{
    "accuracy": 0.956140350877193,
    "precision": 0.9459459459459459,
    "recall": 0.9859154929577465,
    "f1": 0.9655172413793104,
    "confusion_matrix": [
        [
            39,
            4
        ],
        [
            1,
            70
        ]
    ],
    "roc": {
        "fpr": [
            0.0,
            0.0,
            0.0,
            0.046511627906976744,
            0.046511627906976744,
            0.11627906976744186,
            0.11627906976744186,
            1.0
        ],
        "tpr": [
            0.0,
            0.014084507042253521,
            0.971830985915493,
            0.971830985915493,
            0.9859154929577465,
            0.9859154929577465,
            1.0,
            1.0
        ],
        "auc": 0.9977071732721913
    }
}